Time_Step,Z17.5_Concentration,Z2.5_Concentration
0,0.005,0.015
1,0.0,0.0125
2,0.0025,0.0175
3,0.005,0.0225
4,0.0025,0.0175
5,0.0,0.015
6,0.005,0.015
7,0.005,0.03
8,0.0025,0.0225
9,0.0025,0.0225
10,0.0025,0.03
11,0.0025,0.0225
12,0.0025,0.03
13,0.0025,0.015
14,0.0025,0.0275
15,0.0025,0.0325
16,0.005,0.0225
17,0.0025,0.0225
18,0.005,0.0325
19,0.0,0.015
20,0.0,0.03
21,0.0,0.0225
22,0.0025,0.035
23,0.0025,0.0325
24,0.005,0.035
25,0.0,0.0425
26,0.0,0.04
27,0.005,0.025
28,0.005,0.035
29,0.0025,0.04
30,0.0,0.045
31,0.0,0.04
32,0.0,0.0325
33,0.0025,0.035
34,0.0,0.0375
35,0.0025,0.045
36,0.0025,0.0275
37,0.0,0.0275
38,0.0,0.04
39,0.0,0.0275
40,0.0025,0.0275
41,0.005,0.025
42,0.0025,0.04
43,0.005,0.0325
44,0.0075,0.02
45,0.0075,0.0225
46,0.0,0.0275
47,0.0025,0.03
48,0.0075,0.025
49,0.0025,0.0325
50,0.005,0.0475
51,0.0025,0.055
52,0.0025,0.0425
53,0.0075,0.0375
54,0.005,0.0425
55,0.0075,0.0475
56,0.0025,0.045
57,0.0025,0.045
58,0.0075,0.0375
59,0.0025,0.05
60,0.0025,0.045
61,0.0025,0.04
62,0.0075,0.03
63,0.0,0.0475
64,0.0025,0.04
65,0.0075,0.025
66,0.005,0.045
67,0.0025,0.0475
68,0.0025,0.0525
69,0.0,0.0475
70,0.0025,0.045
71,0.0025,0.0375
72,0.005,0.03
73,0.005,0.0425
74,0.005,0.0475
75,0.0075,0.05
76,0.0075,0.035
77,0.0075,0.0275
78,0.0075,0.035
79,0.0025,0.045
80,0.0175,0.055
81,0.0075,0.055
82,0.0075,0.0325
83,0.005,0.0625
84,0.005,0.04
85,0.01,0.0575
86,0.005,0.0525
87,0.005,0.04
88,0.0025,0.0525
89,0.0025,0.04
90,0.0025,0.0425
91,0.0075,0.0525
92,0.01,0.05
93,0.0075,0.0525
94,0.0075,0.0525
95,0.01,0.06
96,0.0075,0.035
97,0.01,0.0575
98,0.015,0.05
99,0.0125,0.0375
100,0.0025,0.0375
101,0.0125,0.05
102,0.0025,0.0425
103,0.005,0.05
104,0.0075,0.055
105,0.005,0.0475
106,0.015,0.0375
107,0.01,0.0375
108,0.01,0.03
109,0.005,0.035
110,0.005,0.05
111,0.005,0.0675
112,0.005,0.0425
113,0.005,0.0325
114,0.0075,0.06
115,0.005,0.04
116,0.0125,0.045
117,0.015,0.04
118,0.005,0.0475
119,0.005,0.0475
120,0.01,0.0625
121,0.0175,0.06
122,0.0075,0.0375
123,0.005,0.0375
124,0.0075,0.055
125,0.005,0.065
126,0.0125,0.0375
127,0.005,0.0475
128,0.01,0.0525
129,0.0075,0.0475
130,0.0075,0.0425
131,0.0025,0.06
132,0.0075,0.0575
133,0.0075,0.0375
134,0.0075,0.0575
135,0.0125,0.0525
136,0.01,0.0575
137,0.0125,0.075
138,0.0075,0.06
139,0.015,0.0575
140,0.0125,0.055
141,0.0125,0.0475
142,0.015,0.07
143,0.0175,0.06
144,0.02,0.055
145,0.02,0.0675
146,0.005,0.045
147,0.02,0.0475
148,0.0125,0.0625
149,0.005,0.075
150,0.0075,0.055
151,0.0125,0.0625
152,0.0125,0.04
153,0.0125,0.065
154,0.015,0.06
155,0.005,0.04
156,0.0225,0.0375
157,0.015,0.0525
158,0.025,0.0575
159,0.03,0.0425
160,0.015,0.035
161,0.0125,0.0475
162,0.0075,0.0425
163,0.0125,0.0425
164,0.0175,0.0525
165,0.01,0.06
166,0.0075,0.0475
167,0.0125,0.0475
168,0.0075,0.05
169,0.01,0.0525
170,0.01,0.045
171,0.0125,0.08
172,0.0075,0.095
173,0.015,0.0875
174,0.01,0.08
175,0.01,0.075
176,0.0125,0.06
177,0.01,0.0725
178,0.0075,0.07
179,0.0025,0.0525
180,0.01,0.0575
181,0.01,0.055
182,0.015,0.0375
183,0.02,0.055
184,0.01,0.0575
185,0.015,0.065
186,0.0125,0.0575
187,0.02,0.0725
188,0.0075,0.07
189,0.015,0.05
190,0.0175,0.075
191,0.0175,0.0575
192,0.0225,0.0725
193,0.0225,0.06
194,0.0075,0.055
195,0.0125,0.07
196,0.0225,0.0725
197,0.015,0.06
198,0.0175,0.065
199,0.015,0.04
200,0.02,0.06
201,0.0275,0.0775
202,0.0325,0.095
203,0.025,0.0975
204,0.0225,0.055
205,0.02,0.07
206,0.015,0.0725
207,0.015,0.06
208,0.015,0.055
209,0.0125,0.06
210,0.0225,0.06
211,0.015,0.0725
212,0.025,0.0625
213,0.0175,0.06
214,0.025,0.0575
215,0.015,0.075
216,0.0225,0.065
217,0.0225,0.06
218,0.025,0.0425
219,0.02,0.0575
220,0.01,0.0675
221,0.025,0.0625
222,0.0125,0.065
223,0.0175,0.06
224,0.01,0.0625
225,0.02,0.085
226,0.02,0.0775
227,0.0125,0.065
228,0.015,0.085
229,0.0125,0.06
230,0.005,0.11
231,0.0175,0.0825
232,0.0175,0.06
233,0.005,0.055
234,0.0125,0.0825
235,0.0125,0.07
236,0.0125,0.0625
237,0.01,0.0725
238,0.0125,0.0825
239,0.015,0.07
240,0.01,0.06
241,0.0075,0.09
242,0.0175,0.095
243,0.0175,0.0875
244,0.02,0.06
245,0.0075,0.0625
246,0.01,0.0625
247,0.0175,0.07
248,0.0125,0.07
249,0.0175,0.0525
250,0.025,0.07
251,0.0175,0.0675
252,0.01,0.06
253,0.015,0.0825
254,0.0125,0.07
255,0.0075,0.0825
256,0.0175,0.08
257,0.0225,0.0675
258,0.015,0.0875
259,0.0275,0.085
260,0.03,0.085
261,0.01,0.0675
262,0.015,0.055
263,0.01,0.0875
264,0.02,0.11
265,0.0275,0.0775
266,0.01,0.0825
267,0.0075,0.0675
268,0.0075,0.1
269,0.0225,0.09
270,0.03,0.0925
271,0.0175,0.09
272,0.0175,0.09
273,0.0225,0.1025
274,0.015,0.0875
275,0.02,0.085
276,0.0225,0.09
277,0.025,0.085
278,0.0225,0.0675
279,0.015,0.095
280,0.015,0.07
281,0.02,0.08
282,0.0225,0.0625
283,0.0075,0.09
284,0.0225,0.0975
285,0.0175,0.0975
286,0.0175,0.095
287,0.025,0.0825
288,0.025,0.085
289,0.0225,0.0625
290,0.025,0.0875
291,0.0225,0.0825
292,0.0175,0.0775
293,0.0225,0.0975
294,0.015,0.0875
295,0.015,0.075
296,0.01,0.07
297,0.02,0.07
298,0.0175,0.07
299,0.025,0.0925
300,0.025,0.0875
301,0.015,0.075
302,0.015,0.09
303,0.0225,0.09
304,0.01,0.08
305,0.015,0.0975
306,0.0225,0.075
307,0.02,0.0725
308,0.02,0.1025
309,0.02,0.08
310,0.0175,0.085
311,0.025,0.095
312,0.02,0.085
313,0.0175,0.0725
314,0.02,0.0925
315,0.0175,0.11
316,0.0225,0.0975
317,0.02,0.1075
318,0.0275,0.09
319,0.0275,0.08
320,0.0125,0.1
321,0.02,0.0775
322,0.0175,0.07
323,0.0225,0.095
324,0.03,0.0825
325,0.03,0.0925
326,0.0175,0.1275
327,0.0125,0.0875
328,0.01,0.0725
329,0.0125,0.0925
330,0.0175,0.07
331,0.0125,0.0875
332,0.02,0.0775
333,0.02,0.0725
334,0.0225,0.09
335,0.02,0.0525
336,0.0275,0.0925
337,0.0275,0.0775
338,0.02,0.1125
339,0.0225,0.065
340,0.0225,0.0725
341,0.0125,0.0825
342,0.0175,0.06
343,0.0175,0.0825
344,0.0325,0.09
345,0.0325,0.1175
346,0.0175,0.085
347,0.015,0.0725
348,0.0075,0.095
349,0.02,0.0875
350,0.035,0.08
351,0.015,0.075
352,0.025,0.125
353,0.0175,0.09
354,0.0275,0.08
355,0.035,0.095
356,0.0175,0.1125
357,0.0125,0.085
358,0.0125,0.085
359,0.0325,0.1125
360,0.0275,0.1
361,0.02,0.0775
362,0.025,0.08
363,0.035,0.0875
364,0.0475,0.1125
365,0.0275,0.0975
366,0.025,0.11
367,0.0275,0.0925
368,0.025,0.09
369,0.0225,0.08
370,0.02,0.07
371,0.01,0.0775
372,0.03,0.105
373,0.03,0.0725
374,0.025,0.0875
375,0.0125,0.1
376,0.03,0.095
377,0.02,0.1475
378,0.0275,0.1275
379,0.0275,0.0875
380,0.0175,0.085
381,0.015,0.0725
382,0.02,0.075
383,0.0325,0.1225
384,0.0225,0.1125
385,0.02,0.0825
386,0.0175,0.0925
387,0.01,0.09
388,0.025,0.1125
389,0.0325,0.095
390,0.025,0.1175
391,0.035,0.115
392,0.025,0.1
393,0.0325,0.1125
394,0.02,0.12
395,0.015,0.13
396,0.0325,0.075
397,0.0325,0.07
398,0.02,0.0625
399,0.03,0.11
400,0.0225,0.0925
401,0.0325,0.0825
402,0.035,0.1075
403,0.0375,0.105
404,0.025,0.095
405,0.02,0.085
406,0.025,0.08
407,0.0375,0.1025
408,0.03,0.0925
409,0.0375,0.1025
410,0.0225,0.115
411,0.0175,0.135
412,0.0325,0.1175
413,0.0375,0.11
414,0.0275,0.1125
415,0.0125,0.0975
416,0.0425,0.085
417,0.0425,0.105
418,0.035,0.075
419,0.0375,0.0925
420,0.035,0.085
421,0.0225,0.0875
422,0.035,0.09
423,0.03,0.1025
424,0.025,0.1325
425,0.0275,0.1175
426,0.02,0.08
427,0.0325,0.095
428,0.035,0.1275
429,0.0375,0.125
430,0.035,0.085
431,0.0475,0.0875
432,0.0425,0.085
433,0.03,0.1
434,0.02,0.105
435,0.02,0.0925
436,0.0275,0.1075
437,0.0175,0.0975
438,0.03,0.095
439,0.0425,0.12
440,0.035,0.1175
441,0.0425,0.11
442,0.035,0.09
443,0.03,0.1
444,0.03,0.1125
445,0.0275,0.12
446,0.0225,0.09
447,0.015,0.0925
448,0.025,0.0825
449,0.0225,0.0875
450,0.0125,0.115
451,0.0275,0.115
452,0.0375,0.1175
453,0.035,0.09
454,0.025,0.1125
455,0.0225,0.1225
456,0.02,0.1125
457,0.035,0.1
458,0.02,0.105
459,0.0375,0.095
460,0.03,0.09
461,0.0225,0.1075
462,0.025,0.12
463,0.0275,0.1025
464,0.04,0.11
465,0.0425,0.1175
466,0.03,0.1175
467,0.03,0.1275
468,0.0325,0.1075
469,0.0275,0.1075
470,0.0275,0.1325
471,0.02,0.1075
472,0.03,0.1075
473,0.0375,0.115
474,0.03,0.0825
475,0.0275,0.0825
476,0.0225,0.105
477,0.0275,0.1175
478,0.02,0.105
479,0.045,0.0675
480,0.03,0.105
481,0.0425,0.11
482,0.0175,0.0725
483,0.0325,0.1325
484,0.0325,0.1275
485,0.03,0.135
486,0.0275,0.105
487,0.0425,0.1175
488,0.0375,0.075
489,0.04,0.1175
490,0.0425,0.1225
491,0.0325,0.095
492,0.03,0.1475
493,0.02,0.14
494,0.0375,0.1275
495,0.035,0.13
496,0.02,0.105
497,0.0325,0.08
498,0.0275,0.1175
499,0.03,0.0825
500,0.02,0.1075
501,0.045,0.0975
502,0.05,0.1025
503,0.0625,0.12
504,0.0275,0.1125
505,0.0325,0.1175
506,0.035,0.13
507,0.035,0.1175
508,0.0325,0.1075
509,0.0475,0.11
510,0.035,0.115
511,0.025,0.1275
512,0.0375,0.11
513,0.0325,0.0875
514,0.0475,0.0925
515,0.0325,0.1025
516,0.03,0.1
517,0.0325,0.12
518,0.035,0.1175
519,0.035,0.1275
520,0.0475,0.1
521,0.045,0.1
522,0.0375,0.1325
523,0.0425,0.09
524,0.06,0.0875
525,0.0325,0.1175
526,0.035,0.1325
527,0.03,0.115
528,0.0475,0.12
529,0.035,0.1075
530,0.0475,0.125
531,0.04,0.12
532,0.0575,0.14
533,0.05,0.095
534,0.0325,0.0925
535,0.0375,0.12
536,0.03,0.13
537,0.0275,0.0975
538,0.04,0.1175
539,0.0225,0.125
540,0.0225,0.1525
541,0.0375,0.125
542,0.05,0.1375
543,0.035,0.115
544,0.0275,0.11
545,0.0425,0.1125
546,0.04,0.105
547,0.025,0.1075
548,0.0375,0.13
549,0.0325,0.1075
550,0.0425,0.14
551,0.0325,0.1225
552,0.0475,0.12
553,0.0475,0.1325
554,0.04,0.1375
555,0.045,0.145
556,0.04,0.1325
557,0.0325,0.1275
558,0.045,0.1325
559,0.0425,0.14
560,0.0475,0.1175
561,0.0425,0.15
562,0.0375,0.13
563,0.03,0.1175
564,0.0325,0.11
565,0.0225,0.1
566,0.045,0.09
567,0.0275,0.105
568,0.035,0.105
569,0.03,0.15
570,0.05,0.1475
571,0.0475,0.1375
572,0.0275,0.1475
573,0.0325,0.1275
574,0.0375,0.125
575,0.0325,0.1375
576,0.0275,0.14
577,0.03,0.1425
578,0.035,0.1375
579,0.0375,0.11
580,0.0375,0.1325
581,0.03,0.13
582,0.0425,0.12
583,0.0325,0.125
584,0.035,0.12
585,0.0275,0.145
586,0.035,0.145
587,0.0325,0.135
588,0.055,0.12
589,0.0325,0.145
590,0.04,0.135
591,0.04,0.1175
592,0.0375,0.1525
593,0.0375,0.1225
594,0.0425,0.11
595,0.0425,0.085
596,0.045,0.1175
597,0.0475,0.12
598,0.045,0.17
599,0.055,0.1325
600,0.06,0.1425
601,0.0325,0.1225
602,0.055,0.14
603,0.0575,0.13
604,0.0375,0.14
605,0.0475,0.1325
606,0.04,0.15
607,0.06,0.1625
608,0.0525,0.1275
609,0.035,0.185
610,0.045,0.1175
611,0.04,0.125
612,0.045,0.14
613,0.0325,0.14
614,0.03,0.125
615,0.02,0.1375
616,0.035,0.1625
617,0.025,0.1375
618,0.0325,0.155
619,0.03,0.1475
620,0.035,0.1325
621,0.045,0.1325
622,0.0325,0.13
623,0.04,0.115
624,0.0475,0.0975
625,0.035,0.1175
626,0.0675,0.12
627,0.0425,0.1625
628,0.035,0.15
629,0.03,0.1275
630,0.045,0.1075
631,0.0425,0.1075
632,0.0425,0.15
633,0.045,0.1525
634,0.05,0.1525
635,0.05,0.115
636,0.06,0.1525
637,0.055,0.12
638,0.035,0.125
639,0.05,0.115
640,0.055,0.1075
641,0.0275,0.13
642,0.055,0.1525
643,0.0475,0.1075
644,0.05,0.105
645,0.0575,0.1075
646,0.04,0.145
647,0.035,0.12
648,0.045,0.145
649,0.0575,0.1475
650,0.0525,0.1475
651,0.0375,0.1625
652,0.05,0.1425
653,0.045,0.1475
654,0.04,0.115
655,0.0625,0.1325
656,0.05,0.1325
657,0.055,0.13
658,0.045,0.12
659,0.045,0.14
660,0.035,0.135
661,0.035,0.1475
662,0.0375,0.145
663,0.0375,0.1125
664,0.0375,0.1125
665,0.045,0.095
666,0.06,0.1175
667,0.065,0.095
668,0.03,0.0975
669,0.0475,0.115
670,0.04,0.1125
671,0.055,0.1375
672,0.065,0.1625
673,0.05,0.15
674,0.045,0.1225
675,0.0725,0.1425
676,0.0425,0.135
677,0.05,0.1375
678,0.055,0.1275
679,0.0425,0.105
680,0.045,0.0925
681,0.0525,0.1075
682,0.06,0.1925
683,0.06,0.1175
684,0.035,0.12
685,0.0475,0.15
686,0.0325,0.125
687,0.06,0.115
688,0.0475,0.1575
689,0.06,0.135
690,0.0525,0.165
691,0.0475,0.115
692,0.045,0.11
693,0.07,0.115
694,0.0725,0.13
695,0.0675,0.1475
696,0.03,0.1225
697,0.0525,0.1125
698,0.06,0.1525
699,0.055,0.155
700,0.065,0.1275
701,0.0525,0.125
702,0.0525,0.1425
703,0.0625,0.1025
704,0.085,0.1125
705,0.0475,0.1175
706,0.0325,0.145
707,0.05,0.13
708,0.0425,0.13
709,0.045,0.125
710,0.0625,0.125
711,0.08,0.1
712,0.06,0.13
713,0.0325,0.145
714,0.0675,0.1675
715,0.04,0.1425
716,0.055,0.1575
717,0.06,0.1025
718,0.0925,0.1275
719,0.0625,0.1275
720,0.07,0.1225
721,0.055,0.1125
722,0.0625,0.1275
723,0.05,0.145
724,0.0325,0.14
725,0.0525,0.1325
726,0.0425,0.1225
727,0.0575,0.125
728,0.0425,0.1225
729,0.0625,0.1325
730,0.07,0.145
731,0.0575,0.125
732,0.0525,0.1325
733,0.05,0.1375
734,0.0725,0.14
735,0.05,0.1325
736,0.0575,0.135
737,0.06,0.125
738,0.0725,0.1525
739,0.08,0.1725
740,0.055,0.145
741,0.045,0.16
742,0.05,0.15
743,0.0525,0.175
744,0.05,0.12
745,0.045,0.1275
746,0.04,0.155
747,0.06,0.1425
748,0.0425,0.1475
749,0.0475,0.1375
750,0.05,0.1475
751,0.055,0.1725
752,0.055,0.145
753,0.0825,0.15
754,0.0525,0.1425
755,0.0475,0.155
756,0.035,0.17
757,0.0325,0.1625
758,0.045,0.185
759,0.055,0.175
760,0.0525,0.15
761,0.05,0.1425
762,0.0275,0.14
763,0.0625,0.16
764,0.065,0.17
765,0.04,0.18
766,0.04,0.175
767,0.035,0.175
768,0.065,0.1725
769,0.0525,0.175
770,0.04,0.1675
771,0.0625,0.1525
772,0.0525,0.12
773,0.0625,0.145
774,0.0425,0.13
775,0.05,0.1325
776,0.055,0.1675
777,0.08,0.185
778,0.065,0.15
779,0.03,0.155
780,0.06,0.1625
781,0.0375,0.1675
782,0.0475,0.1625
783,0.05,0.125
784,0.0375,0.1225
785,0.035,0.1625
786,0.0575,0.1375
787,0.07,0.1425
788,0.0625,0.1275
789,0.0525,0.1525
790,0.045,0.1525
791,0.05,0.1675
792,0.0475,0.1825
793,0.05,0.1725
794,0.05,0.1625
795,0.0575,0.135
796,0.06,0.1725
797,0.0725,0.1425
798,0.0575,0.18
799,0.045,0.15
800,0.055,0.1375
801,0.035,0.135
802,0.0525,0.19
803,0.045,0.15
804,0.065,0.1275
805,0.0675,0.15
806,0.055,0.1625
807,0.035,0.1525
808,0.05,0.135
809,0.0525,0.15
810,0.05,0.12
811,0.0525,0.1525
812,0.065,0.165
813,0.085,0.16
814,0.0725,0.17
815,0.0625,0.145
816,0.075,0.16
817,0.0475,0.125
818,0.07,0.135
819,0.0625,0.165
820,0.0775,0.1225
821,0.0625,0.1375
822,0.045,0.15
823,0.0775,0.1575
824,0.05,0.135
825,0.065,0.1275
826,0.06,0.185
827,0.0475,0.1625
828,0.0625,0.1575
829,0.045,0.1675
830,0.0525,0.155
831,0.06,0.16
832,0.045,0.13
833,0.0625,0.1575
834,0.06,0.1375
835,0.065,0.14
836,0.05,0.14
837,0.055,0.1375
838,0.0475,0.17
839,0.075,0.125
840,0.065,0.1175
841,0.08,0.1525
842,0.06,0.17
843,0.0475,0.1775
844,0.08,0.1425
845,0.075,0.1425
846,0.0825,0.1525
847,0.0775,0.15
848,0.065,0.145
849,0.075,0.1425
850,0.065,0.1475
851,0.0675,0.1675
852,0.0575,0.145
853,0.035,0.1125
854,0.055,0.1375
855,0.065,0.15
856,0.06,0.1625
857,0.065,0.18
858,0.0775,0.165
859,0.0775,0.16
860,0.0725,0.1475
861,0.0675,0.1325
862,0.065,0.1475
863,0.0725,0.1475
864,0.0725,0.155
865,0.0775,0.1325
866,0.0625,0.1675
867,0.055,0.1475
868,0.0425,0.14
869,0.065,0.135
870,0.0425,0.1475
871,0.0475,0.135
872,0.055,0.135
873,0.055,0.15
874,0.055,0.16
875,0.0575,0.175
876,0.065,0.1275
877,0.065,0.12
878,0.065,0.1025
879,0.075,0.145
880,0.05,0.1525
881,0.08,0.145
882,0.055,0.14
883,0.0775,0.13
884,0.0875,0.17
885,0.0575,0.145
886,0.0625,0.145
887,0.06,0.1725
888,0.0575,0.19
889,0.0675,0.1725
890,0.09,0.1275
891,0.075,0.1775
892,0.0675,0.145
893,0.0675,0.12
894,0.0425,0.115
895,0.06,0.15
896,0.055,0.1725
897,0.08,0.1225
898,0.055,0.155
899,0.065,0.1425
900,0.0775,0.1625
901,0.0825,0.145
902,0.0625,0.1625
903,0.0725,0.1825
904,0.0675,0.16
905,0.0625,0.1725
906,0.06,0.185
907,0.05,0.1775
908,0.0475,0.1575
909,0.0575,0.1975
910,0.0475,0.1825
911,0.0575,0.16
912,0.06,0.195
913,0.0425,0.1925
914,0.045,0.1675
915,0.0475,0.165
916,0.065,0.1725
917,0.06,0.165
918,0.06,0.175
919,0.065,0.16
920,0.0875,0.1725
921,0.0675,0.1475
922,0.05,0.1575
923,0.0625,0.1375
924,0.065,0.1425
925,0.0675,0.145
926,0.0825,0.1675
927,0.0875,0.175
928,0.0825,0.1475
929,0.0625,0.155
930,0.06,0.1425
931,0.0575,0.15
932,0.0775,0.19
933,0.065,0.165
934,0.0875,0.1325
935,0.0675,0.1625
936,0.0475,0.155
937,0.0375,0.17
938,0.0475,0.155
939,0.06,0.17
940,0.0525,0.165
941,0.065,0.14
942,0.06,0.0975
943,0.06,0.1175
944,0.065,0.1475
945,0.07,0.155
946,0.0775,0.1725
947,0.0575,0.155
948,0.0575,0.1425
949,0.0575,0.1575
950,0.0725,0.1575
951,0.075,0.1825
952,0.04,0.185
953,0.05,0.1475
954,0.0625,0.2025
955,0.07,0.175
956,0.085,0.1275
957,0.0825,0.1775
958,0.0575,0.15
959,0.0775,0.16
960,0.0575,0.16
961,0.045,0.155
962,0.0775,0.1525
963,0.075,0.165
964,0.05,0.185
965,0.06,0.205
966,0.065,0.1475
967,0.0575,0.175
968,0.07,0.17
969,0.0725,0.155
970,0.0575,0.1775
971,0.06,0.205
972,0.0575,0.175
973,0.07,0.1225
974,0.0625,0.1625
975,0.07,0.1325
976,0.06,0.1775
977,0.075,0.175
978,0.04,0.1675
979,0.055,0.1775
980,0.0525,0.1675
981,0.0675,0.15
982,0.05,0.19
983,0.05,0.215
984,0.055,0.1825
985,0.055,0.2125
986,0.0675,0.1975
987,0.07,0.2025
988,0.065,0.185
989,0.07,0.1825
990,0.0575,0.1775
991,0.0625,0.14
992,0.065,0.19
993,0.0725,0.15
994,0.075,0.1625
995,0.06,0.1575
996,0.06,0.22
997,0.065,0.1675
998,0.07,0.18
999,0.075,0.19
1000,0.0825,0.19
1001,0.08,0.1825
1002,0.0775,0.155
1003,0.07,0.18
1004,0.0925,0.145
1005,0.08,0.1475
1006,0.06,0.1825
1007,0.1025,0.1875
1008,0.075,0.1875
1009,0.06,0.1675
1010,0.06,0.145
1011,0.0875,0.1375
1012,0.07,0.1675
1013,0.0475,0.185
1014,0.0525,0.17
1015,0.065,0.17
1016,0.08,0.1625
1017,0.075,0.18
1018,0.0575,0.18
1019,0.0675,0.1775
1020,0.055,0.1625
1021,0.06,0.1925
1022,0.065,0.1825
1023,0.0725,0.155
1024,0.0775,0.1775
1025,0.0525,0.165
1026,0.08,0.1725
1027,0.0775,0.1825
1028,0.0625,0.155
1029,0.075,0.19
1030,0.075,0.205
1031,0.065,0.1875
1032,0.0775,0.2
1033,0.0725,0.1725
1034,0.0525,0.16
1035,0.065,0.1775
1036,0.05,0.1675
1037,0.065,0.1675
1038,0.0575,0.1425
1039,0.0825,0.1825
1040,0.0675,0.1825
1041,0.065,0.1925
1042,0.0575,0.22
1043,0.07,0.1975
1044,0.0725,0.1775
1045,0.0475,0.1525
1046,0.075,0.1925
1047,0.065,0.1825
1048,0.075,0.15
1049,0.07,0.1475
1050,0.0725,0.1475
1051,0.0725,0.2
1052,0.0575,0.175
1053,0.0825,0.1925
1054,0.075,0.195
1055,0.055,0.1625
1056,0.085,0.1725
1057,0.0675,0.2025
1058,0.105,0.205
1059,0.0675,0.195
1060,0.075,0.2125
1061,0.055,0.1925
1062,0.0875,0.205
1063,0.0575,0.2
1064,0.0725,0.185
1065,0.0575,0.135
1066,0.055,0.145
1067,0.065,0.1675
1068,0.0725,0.17
1069,0.0625,0.1775
1070,0.0575,0.17
1071,0.0675,0.18
1072,0.0475,0.1325
1073,0.065,0.17
1074,0.1,0.1575
1075,0.08,0.1925
1076,0.0375,0.18
1077,0.065,0.18
1078,0.065,0.2
1079,0.0475,0.185
1080,0.085,0.185
1081,0.0675,0.1625
1082,0.0725,0.2
1083,0.085,0.175
1084,0.0875,0.175
1085,0.07,0.1775
1086,0.0675,0.185
1087,0.0875,0.165
1088,0.0875,0.185
1089,0.05,0.165
1090,0.075,0.1725
1091,0.075,0.18
1092,0.06,0.1875
1093,0.08,0.155
1094,0.0675,0.15
1095,0.07,0.13
1096,0.0525,0.155
1097,0.0525,0.16
1098,0.0775,0.1875
1099,0.0875,0.1975
1100,0.075,0.1725
1101,0.07,0.1925
1102,0.0775,0.195
1103,0.07,0.15
1104,0.0525,0.165
1105,0.0725,0.17
1106,0.095,0.17
1107,0.0675,0.17
1108,0.0725,0.185
1109,0.0725,0.1875
1110,0.0725,0.19
1111,0.0525,0.16
1112,0.0575,0.185
1113,0.0775,0.2
1114,0.07,0.1625
1115,0.0475,0.17
1116,0.06,0.2025
1117,0.065,0.2025
1118,0.0775,0.2275
1119,0.065,0.2
1120,0.075,0.185
1121,0.07,0.185
1122,0.0525,0.1675
1123,0.0625,0.1725
1124,0.0775,0.1725
1125,0.0725,0.145
1126,0.0725,0.155
1127,0.0675,0.1825
1128,0.0825,0.1925
1129,0.0575,0.1825
1130,0.0725,0.17
1131,0.05,0.16
1132,0.0525,0.18
1133,0.0475,0.205
1134,0.0575,0.1625
1135,0.095,0.19
1136,0.0725,0.1925
1137,0.07,0.19
1138,0.0775,0.1975
1139,0.0725,0.1675
1140,0.06,0.1725
1141,0.08,0.2075
1142,0.0825,0.195
1143,0.065,0.195
1144,0.075,0.1975
1145,0.065,0.195
1146,0.0675,0.1775
1147,0.06,0.1975
1148,0.0575,0.19
1149,0.0675,0.165
1150,0.06,0.1475
1151,0.075,0.18
1152,0.07,0.2225
1153,0.0575,0.1725
1154,0.06,0.17
1155,0.09,0.165
1156,0.0575,0.1825
1157,0.065,0.145
1158,0.06,0.1475
1159,0.07,0.1675
1160,0.095,0.1975
1161,0.0875,0.1825
1162,0.0925,0.17
1163,0.0975,0.1625
1164,0.0775,0.1825
1165,0.085,0.145
1166,0.09,0.17
1167,0.1,0.15
1168,0.1075,0.18
1169,0.105,0.135
1170,0.0825,0.165
1171,0.095,0.2
1172,0.0675,0.2025
1173,0.0925,0.2
1174,0.1025,0.18
1175,0.0925,0.17
1176,0.105,0.165
1177,0.065,0.1775
1178,0.0775,0.2075
1179,0.085,0.2225
1180,0.065,0.19
1181,0.0625,0.1925
1182,0.09,0.17
1183,0.0975,0.19
1184,0.08,0.215
1185,0.0875,0.1925
1186,0.0825,0.1825
1187,0.065,0.19
1188,0.065,0.1925
1189,0.0625,0.2
1190,0.06,0.2075
1191,0.0575,0.2425
1192,0.0525,0.2025
1193,0.08,0.1875
1194,0.075,0.1775
1195,0.065,0.205
1196,0.06,0.1475
1197,0.06,0.1625
1198,0.05,0.1975
1199,0.0725,0.1925
1200,0.065,0.1975
1201,0.0775,0.2075
1202,0.08,0.195
1203,0.08,0.1825
1204,0.0725,0.2225
1205,0.0675,0.175
1206,0.0675,0.19
1207,0.0775,0.18
1208,0.0925,0.2025
1209,0.0875,0.19
1210,0.0775,0.1975
1211,0.065,0.225
1212,0.0725,0.1975
1213,0.0875,0.17
1214,0.065,0.1925
1215,0.065,0.24
1216,0.065,0.1825
1217,0.0575,0.1925
1218,0.06,0.19
1219,0.07,0.2025
1220,0.06,0.1875
1221,0.075,0.1725
1222,0.07,0.175
1223,0.06,0.2375
1224,0.06,0.2175
1225,0.06,0.205
1226,0.06,0.2125
1227,0.065,0.1825
1228,0.06,0.17
1229,0.0775,0.2525
1230,0.0775,0.2025
1231,0.08,0.165
1232,0.0725,0.17
1233,0.1125,0.1725
1234,0.0675,0.165
1235,0.065,0.1925
1236,0.0625,0.1675
1237,0.075,0.1575
1238,0.07,0.1725
1239,0.0775,0.1525
1240,0.065,0.17
1241,0.065,0.185
1242,0.1025,0.17
1243,0.075,0.2
1244,0.1125,0.1825
1245,0.09,0.1825
1246,0.0675,0.205
1247,0.09,0.21
1248,0.0775,0.1375
1249,0.0825,0.1775
1250,0.0975,0.1975
1251,0.0725,0.1775
1252,0.09,0.1925
1253,0.0625,0.2
1254,0.0725,0.16
1255,0.05,0.1825
1256,0.05,0.23
1257,0.0625,0.21
1258,0.0725,0.17
1259,0.0825,0.22
1260,0.075,0.2125
1261,0.0775,0.2025
1262,0.0825,0.21
1263,0.0625,0.1875
1264,0.075,0.1775
1265,0.06,0.2025
1266,0.0775,0.2
1267,0.075,0.2
1268,0.0925,0.1675
1269,0.105,0.1875
1270,0.095,0.225
1271,0.08,0.205
1272,0.0625,0.1825
1273,0.065,0.2025
1274,0.06,0.175
1275,0.0725,0.1875
1276,0.095,0.1525
1277,0.0725,0.1875
1278,0.07,0.2
1279,0.0825,0.16
1280,0.0825,0.1875
1281,0.075,0.23
1282,0.08,0.215
1283,0.07,0.1625
1284,0.0775,0.205
1285,0.0625,0.18
1286,0.06,0.1625
1287,0.08,0.2
1288,0.085,0.2075
1289,0.0625,0.17
1290,0.0875,0.155
1291,0.07,0.165
1292,0.0725,0.1625
1293,0.08,0.185
1294,0.07,0.1975
1295,0.07,0.215
1296,0.0875,0.18
1297,0.085,0.24
1298,0.0875,0.1925
1299,0.0825,0.185
1300,0.1,0.1875
1301,0.0975,0.21
1302,0.11,0.2075
1303,0.0825,0.1825
1304,0.0675,0.2
1305,0.075,0.2125
1306,0.085,0.205
1307,0.0775,0.1775
1308,0.0725,0.18
1309,0.0825,0.2
1310,0.0725,0.1725
1311,0.09,0.205
1312,0.1,0.2
1313,0.0875,0.1675
1314,0.075,0.1975
1315,0.085,0.205
1316,0.07,0.1625
1317,0.07,0.185
1318,0.0875,0.2
1319,0.085,0.1825
1320,0.07,0.1775
1321,0.0775,0.1575
1322,0.05,0.1675
1323,0.0775,0.165
1324,0.0925,0.175
1325,0.0775,0.1725
1326,0.085,0.185
1327,0.07,0.2
1328,0.065,0.1925
1329,0.09,0.1575
1330,0.0825,0.17
1331,0.065,0.145
1332,0.0775,0.1825
1333,0.0725,0.1875
1334,0.095,0.19
1335,0.1075,0.1925
1336,0.0825,0.2125
1337,0.065,0.2
1338,0.09,0.1725
1339,0.0625,0.1925
1340,0.0575,0.1725
1341,0.0875,0.1575
1342,0.08,0.175
1343,0.0975,0.1725
1344,0.0875,0.1975
1345,0.0875,0.2225
1346,0.0775,0.1875
1347,0.07,0.19
1348,0.0925,0.1725
1349,0.0875,0.1875
1350,0.095,0.1675
1351,0.085,0.1825
1352,0.1025,0.1825
1353,0.1,0.21
1354,0.085,0.195
1355,0.0775,0.1525
1356,0.0725,0.18
1357,0.085,0.185
1358,0.075,0.1525
1359,0.085,0.175
1360,0.0825,0.185
1361,0.0625,0.1825
1362,0.0675,0.2025
1363,0.0675,0.2325
1364,0.0575,0.1875
1365,0.0775,0.1625
1366,0.0925,0.1875
1367,0.0775,0.205
1368,0.0775,0.18
1369,0.0775,0.18
1370,0.08,0.1825
1371,0.075,0.21
1372,0.0925,0.21
1373,0.08,0.17
1374,0.095,0.18
1375,0.09,0.17
1376,0.0775,0.2175
1377,0.105,0.2025
1378,0.1,0.185
1379,0.1125,0.1925
1380,0.0725,0.185
1381,0.095,0.18
1382,0.0825,0.195
1383,0.0625,0.185
1384,0.0725,0.195
1385,0.0975,0.16
1386,0.065,0.1675
1387,0.07,0.145
1388,0.0725,0.2375
1389,0.0925,0.205
1390,0.0975,0.2175
1391,0.0825,0.2125
1392,0.07,0.18
1393,0.08,0.185
1394,0.09,0.18
1395,0.08,0.2275
1396,0.0875,0.22
1397,0.1125,0.205
1398,0.095,0.16
1399,0.0825,0.21
1400,0.0725,0.2075
1401,0.085,0.18
1402,0.07,0.2025
1403,0.085,0.18
1404,0.0875,0.195
1405,0.0875,0.165
1406,0.0775,0.185
1407,0.0675,0.2025
1408,0.0925,0.175
1409,0.0825,0.19
1410,0.06,0.1675
1411,0.1025,0.2275
1412,0.115,0.17
1413,0.0825,0.225
1414,0.1175,0.2
1415,0.1025,0.19
1416,0.0825,0.1975
1417,0.0975,0.1925
1418,0.11,0.1875
1419,0.08,0.195
1420,0.07,0.1475
1421,0.08,0.1725
1422,0.075,0.1325
1423,0.085,0.19
1424,0.0675,0.2175
1425,0.0825,0.18
1426,0.08,0.205
1427,0.0675,0.135
1428,0.0875,0.175
1429,0.0875,0.175
1430,0.0625,0.18
1431,0.0875,0.2025
1432,0.085,0.2075
1433,0.0875,0.195
1434,0.0875,0.2125
1435,0.1,0.205
1436,0.0925,0.195
1437,0.0725,0.185
1438,0.0825,0.2025
1439,0.055,0.22
1440,0.085,0.185
1441,0.11,0.1925
1442,0.0725,0.19
1443,0.08,0.2
1444,0.045,0.2175
1445,0.0675,0.1925
1446,0.105,0.1825
1447,0.0725,0.1925
1448,0.0725,0.215
1449,0.0825,0.21
1450,0.085,0.2175
1451,0.1075,0.2175
1452,0.055,0.2175
1453,0.0725,0.24
1454,0.055,0.2
1455,0.07,0.22
1456,0.105,0.205
1457,0.095,0.1725
1458,0.0825,0.2075
1459,0.08,0.2025
1460,0.09,0.1775
1461,0.0975,0.1775
1462,0.105,0.2075
1463,0.07,0.2075
1464,0.07,0.195
1465,0.0725,0.1975
1466,0.0775,0.185
1467,0.1,0.1975
1468,0.0975,0.17
1469,0.085,0.24
1470,0.0875,0.195
1471,0.125,0.23
1472,0.1025,0.2175
1473,0.1075,0.23
1474,0.0625,0.1925
1475,0.0775,0.17
1476,0.07,0.185
1477,0.08,0.1625
1478,0.0975,0.18
1479,0.1,0.2225
1480,0.09,0.1925
1481,0.085,0.19
1482,0.07,0.2
1483,0.0575,0.185
1484,0.0825,0.2025
1485,0.095,0.2025
1486,0.08,0.2125
1487,0.09,0.165
1488,0.075,0.225
1489,0.055,0.215
1490,0.075,0.1525
1491,0.085,0.1775
1492,0.0975,0.1825
1493,0.0975,0.1525
1494,0.0775,0.2025
1495,0.0725,0.21
1496,0.0675,0.1925
1497,0.07,0.2075
1498,0.0675,0.225
1499,0.065,0.2025
1500,0.0575,0.19
1501,0.07,0.2075
1502,0.0725,0.2275
1503,0.0675,0.2175
1504,0.055,0.2125
1505,0.0725,0.185
1506,0.0775,0.1825
1507,0.095,0.2075
1508,0.0925,0.1525
1509,0.0425,0.2025
1510,0.075,0.2225
1511,0.0725,0.1625
1512,0.0725,0.195
1513,0.0725,0.22
1514,0.105,0.2275
1515,0.07,0.19
1516,0.09,0.145
1517,0.08,0.2175
1518,0.0725,0.195
1519,0.0825,0.21
1520,0.08,0.165
1521,0.085,0.235
1522,0.0825,0.1775
1523,0.0825,0.25
1524,0.0625,0.19
1525,0.0775,0.19
1526,0.09,0.175
1527,0.0525,0.1675
1528,0.0775,0.175
1529,0.07,0.2125
1530,0.09,0.1875
1531,0.0925,0.165
1532,0.095,0.165
1533,0.09,0.2075
1534,0.07,0.2025
1535,0.0775,0.1925
1536,0.0775,0.18
1537,0.085,0.185
1538,0.09,0.215
1539,0.085,0.19
1540,0.075,0.165
1541,0.09,0.135
1542,0.07,0.195
1543,0.08,0.1875
1544,0.0875,0.1675
1545,0.0925,0.22
1546,0.11,0.1975
1547,0.09,0.17
1548,0.0725,0.2175
1549,0.0825,0.1925
1550,0.0825,0.2375
1551,0.0675,0.165
1552,0.095,0.1775
1553,0.1075,0.2025
1554,0.0725,0.2025
1555,0.085,0.175
1556,0.085,0.23
1557,0.0875,0.1975
1558,0.0825,0.21
1559,0.085,0.1925
1560,0.1,0.1925
1561,0.0975,0.2025
1562,0.0825,0.1625
1563,0.0775,0.205
1564,0.07,0.2025
1565,0.0675,0.1875
1566,0.09,0.2075
1567,0.06,0.1775
1568,0.0875,0.1925
1569,0.0775,0.215
1570,0.0975,0.195
1571,0.0925,0.2075
1572,0.0525,0.185
1573,0.105,0.1775
1574,0.095,0.2025
1575,0.075,0.195
1576,0.085,0.205
1577,0.0875,0.185
1578,0.08,0.1975
1579,0.1025,0.18
1580,0.08,0.1975
1581,0.085,0.21
1582,0.085,0.2325
1583,0.1,0.1925
1584,0.1325,0.1725
1585,0.0775,0.1875
1586,0.075,0.19
1587,0.0625,0.2025
1588,0.1,0.2125
1589,0.0775,0.185
1590,0.0775,0.1875
1591,0.1025,0.225
1592,0.0825,0.195
1593,0.095,0.2325
1594,0.0875,0.2125
1595,0.0825,0.2125
1596,0.095,0.235
1597,0.08,0.18
1598,0.07,0.205
1599,0.09,0.22
1600,0.1025,0.1875
1601,0.085,0.22
1602,0.08,0.19
1603,0.085,0.245
1604,0.1,0.2175
1605,0.07,0.195
1606,0.07,0.1725
1607,0.0825,0.185
1608,0.055,0.1575
1609,0.0675,0.21
1610,0.0675,0.175
1611,0.0675,0.2225
1612,0.075,0.19
1613,0.06,0.1525
1614,0.0575,0.195
1615,0.09,0.2125
1616,0.0875,0.1875
1617,0.105,0.2025
1618,0.11,0.27
1619,0.09,0.2225
1620,0.0775,0.2325
1621,0.06,0.2025
1622,0.0475,0.1975
1623,0.08,0.2025
1624,0.08,0.235
1625,0.075,0.215
1626,0.0775,0.2275
1627,0.0675,0.1925
1628,0.0725,0.175
1629,0.0925,0.2
1630,0.0675,0.1925
1631,0.055,0.145
1632,0.085,0.2025
1633,0.095,0.2125
1634,0.0825,0.2025
1635,0.06,0.2175
1636,0.0925,0.1675
1637,0.0675,0.21
1638,0.0825,0.22
1639,0.0675,0.1975
1640,0.08,0.2425
1641,0.1075,0.215
1642,0.09,0.19
1643,0.0775,0.215
1644,0.07,0.155
1645,0.0625,0.175
1646,0.09,0.225
1647,0.0775,0.15
1648,0.075,0.2225
1649,0.095,0.1975
1650,0.08,0.195
1651,0.08,0.2025
1652,0.075,0.1975
1653,0.0725,0.155
1654,0.065,0.1975
1655,0.0625,0.17
1656,0.08,0.1725
1657,0.0625,0.21
1658,0.0675,0.2325
1659,0.07,0.24
1660,0.085,0.2175
1661,0.0725,0.1975
1662,0.0875,0.19
1663,0.08,0.1975
1664,0.0825,0.205
1665,0.05,0.2225
1666,0.08,0.2275
1667,0.0775,0.225
1668,0.065,0.1925
1669,0.0475,0.175
1670,0.0975,0.205
1671,0.0675,0.225
1672,0.0925,0.1775
1673,0.075,0.215
1674,0.065,0.205
1675,0.085,0.2125
1676,0.08,0.2025
1677,0.0925,0.205
1678,0.09,0.2425
1679,0.0725,0.2075
1680,0.085,0.1725
1681,0.1075,0.22
1682,0.0975,0.22
1683,0.1025,0.185
1684,0.1,0.1575
1685,0.0825,0.2025
1686,0.0925,0.19
1687,0.105,0.1975
1688,0.1075,0.235
1689,0.1025,0.215
1690,0.105,0.1925
1691,0.075,0.1975
1692,0.095,0.1975
1693,0.0975,0.2375
1694,0.0825,0.2325
1695,0.105,0.16
1696,0.11,0.205
1697,0.085,0.205
1698,0.0875,0.1925
1699,0.1025,0.2075
1700,0.0825,0.22
1701,0.0625,0.2175
1702,0.065,0.2
1703,0.09,0.2125
1704,0.065,0.2325
1705,0.065,0.2225
1706,0.09,0.2175
1707,0.07,0.1875
1708,0.0575,0.22
1709,0.0575,0.2225
1710,0.075,0.23
1711,0.09,0.2025
1712,0.0825,0.2375
1713,0.045,0.26
1714,0.07,0.1975
1715,0.0875,0.2025
1716,0.0575,0.1975
1717,0.055,0.2175
1718,0.06,0.205
1719,0.065,0.235
1720,0.0825,0.225
1721,0.065,0.18
1722,0.07,0.205
1723,0.0925,0.1925
1724,0.11,0.18
1725,0.0675,0.195
1726,0.0975,0.205
1727,0.08,0.175
1728,0.0675,0.255
1729,0.085,0.195
1730,0.1075,0.2125
1731,0.075,0.2225
1732,0.07,0.2525
1733,0.1,0.1925
1734,0.085,0.1675
1735,0.0825,0.185
1736,0.1025,0.185
1737,0.0825,0.1825
1738,0.1075,0.2225
1739,0.08,0.2075
1740,0.09,0.1825
1741,0.09,0.2075
1742,0.075,0.1975
1743,0.1,0.1575
1744,0.0875,0.18
1745,0.0975,0.19
1746,0.095,0.2175
1747,0.1025,0.17
1748,0.085,0.1825
1749,0.0825,0.205
1750,0.105,0.15
1751,0.1,0.1525
1752,0.095,0.1825
1753,0.105,0.2025
1754,0.08,0.205
1755,0.08,0.1525
1756,0.1,0.2225
1757,0.08,0.2175
1758,0.0825,0.195
1759,0.0775,0.1775
1760,0.09,0.2225
1761,0.1,0.1875
1762,0.0925,0.19
1763,0.07,0.165
1764,0.08,0.19
1765,0.08,0.2075
1766,0.06,0.2
1767,0.095,0.165
1768,0.0925,0.175
1769,0.085,0.21
1770,0.075,0.19
1771,0.0725,0.19
1772,0.1025,0.155
1773,0.09,0.19
1774,0.075,0.1625
1775,0.09,0.18
1776,0.06,0.2
1777,0.0625,0.1775
1778,0.07,0.18
1779,0.0775,0.1525
1780,0.075,0.185
1781,0.085,0.1975
1782,0.1075,0.17
1783,0.1025,0.17
1784,0.1125,0.2225
1785,0.085,0.2375
1786,0.09,0.19
1787,0.1225,0.185
1788,0.0825,0.19
1789,0.085,0.1825
1790,0.065,0.19
1791,0.0675,0.2075
1792,0.085,0.2175
1793,0.0925,0.2
1794,0.09,0.215
1795,0.1125,0.195
1796,0.09,0.16
1797,0.1,0.235
1798,0.12,0.185
1799,0.11,0.19
1800,0.0775,0.19
1801,0.08,0.21
1802,0.06,0.195
1803,0.08,0.2025
1804,0.0875,0.1875
1805,0.0975,0.1975
1806,0.0925,0.23
1807,0.0825,0.2075
1808,0.0825,0.17
1809,0.095,0.2275
1810,0.085,0.2175
1811,0.075,0.1775
1812,0.065,0.1975
1813,0.0875,0.18
1814,0.07,0.225
1815,0.065,0.1775
1816,0.085,0.2075
1817,0.08,0.235
1818,0.0675,0.22
1819,0.0775,0.2075
1820,0.0825,0.205
1821,0.0825,0.22
1822,0.075,0.1875
1823,0.0825,0.215
1824,0.0875,0.24
1825,0.0725,0.1925
1826,0.105,0.22
1827,0.07,0.1925
1828,0.085,0.18
1829,0.0925,0.165
1830,0.085,0.2275
1831,0.1,0.2
1832,0.0725,0.235
1833,0.0675,0.27
1834,0.085,0.1975
1835,0.1075,0.1825
1836,0.0825,0.2075
1837,0.0725,0.2175
1838,0.0525,0.185
1839,0.05,0.2
1840,0.0925,0.2175
1841,0.065,0.1925
1842,0.085,0.19
1843,0.08,0.2475
1844,0.075,0.205
1845,0.06,0.225
1846,0.0925,0.18
1847,0.09,0.205
1848,0.0775,0.175
1849,0.1025,0.1875
1850,0.1,0.205
1851,0.1,0.19
1852,0.0675,0.1525
1853,0.0725,0.2
1854,0.08,0.18
1855,0.0875,0.1925
1856,0.0975,0.1675
1857,0.085,0.22
1858,0.07,0.2025
1859,0.065,0.2025
1860,0.075,0.1925
1861,0.0925,0.2025
1862,0.06,0.1825
1863,0.0675,0.2125
1864,0.07,0.2
1865,0.0975,0.185
1866,0.1025,0.1475
1867,0.1,0.2025
1868,0.11,0.2325
1869,0.0875,0.235
1870,0.0825,0.2125
1871,0.07,0.24
1872,0.0875,0.2125
1873,0.0775,0.1675
1874,0.0725,0.1775
1875,0.0575,0.185
1876,0.055,0.195
1877,0.0775,0.1825
1878,0.0675,0.165
1879,0.08,0.1875
1880,0.08,0.2
1881,0.08,0.2375
1882,0.0775,0.2
1883,0.0675,0.1825
1884,0.0875,0.1775
1885,0.0975,0.18
1886,0.0875,0.2025
1887,0.07,0.1925
1888,0.1,0.185
1889,0.0725,0.185
1890,0.075,0.2025
1891,0.0925,0.1925
1892,0.0825,0.22
1893,0.0775,0.23
1894,0.08,0.185
1895,0.115,0.2175
1896,0.105,0.24
1897,0.0875,0.2225
1898,0.075,0.22
1899,0.07,0.2
1900,0.08,0.2225
1901,0.085,0.1875
1902,0.085,0.215
1903,0.0775,0.1875
1904,0.115,0.205
1905,0.0875,0.2125
1906,0.0825,0.215
1907,0.085,0.2325
1908,0.0975,0.2125
1909,0.0875,0.1825
1910,0.1025,0.1925
1911,0.09,0.1875
1912,0.0625,0.2
1913,0.085,0.205
1914,0.0825,0.1575
1915,0.07,0.1925
1916,0.095,0.21
1917,0.0975,0.205
1918,0.11,0.225
1919,0.08,0.19
1920,0.0925,0.195
1921,0.095,0.17
1922,0.075,0.2375
1923,0.085,0.225
1924,0.1,0.2
1925,0.075,0.1925
1926,0.085,0.245
1927,0.085,0.21
1928,0.09,0.1775
1929,0.085,0.21
1930,0.065,0.21
1931,0.0975,0.2075
1932,0.1175,0.2125
1933,0.105,0.1725
1934,0.08,0.215
1935,0.0675,0.175
1936,0.055,0.215
1937,0.065,0.1925
1938,0.0675,0.2125
1939,0.085,0.1975
1940,0.0775,0.175
1941,0.095,0.165
1942,0.1025,0.2275
1943,0.065,0.21
1944,0.0975,0.2
1945,0.07,0.23
1946,0.0675,0.215
1947,0.095,0.195
1948,0.0825,0.2125
1949,0.065,0.2175
1950,0.0525,0.1875
1951,0.0675,0.215
1952,0.095,0.2
1953,0.085,0.205
1954,0.0725,0.185
1955,0.07,0.1575
1956,0.095,0.1675
1957,0.095,0.2
1958,0.0775,0.2025
1959,0.0775,0.2275
1960,0.065,0.19
1961,0.0975,0.1925
1962,0.0925,0.2375
1963,0.065,0.225
1964,0.0925,0.215
1965,0.1125,0.215
1966,0.07,0.19
1967,0.085,0.21
1968,0.0725,0.24
1969,0.09,0.22
1970,0.0925,0.18
1971,0.0825,0.2
1972,0.085,0.195
1973,0.07,0.1775
1974,0.0925,0.23
1975,0.0925,0.2
1976,0.0575,0.2125
1977,0.075,0.1925
1978,0.1075,0.1925
1979,0.0975,0.165
1980,0.085,0.17
1981,0.1075,0.205
1982,0.0875,0.19
1983,0.0675,0.22
1984,0.09,0.1975
1985,0.1075,0.2
1986,0.0875,0.1775
1987,0.075,0.2325
1988,0.0925,0.21
1989,0.07,0.2475
1990,0.0675,0.1825
1991,0.0775,0.235
1992,0.0725,0.195
1993,0.095,0.2175
1994,0.0925,0.2625
1995,0.0925,0.2625
1996,0.105,0.215
1997,0.085,0.1925
1998,0.07,0.195
1999,0.0925,0.1975
2000,0.07,0.2075
2001,0.0725,0.245
2002,0.0625,0.2075
2003,0.09,0.23
2004,0.1125,0.2375
2005,0.1,0.2125
2006,0.0875,0.2525
2007,0.095,0.1975
2008,0.0725,0.2
2009,0.09,0.225
2010,0.1,0.205
2011,0.1,0.2025
2012,0.08,0.1925
2013,0.1075,0.1825
2014,0.0825,0.16
2015,0.0875,0.19
2016,0.0825,0.22
2017,0.095,0.21
2018,0.0775,0.1475
2019,0.1025,0.19
2020,0.0925,0.18
2021,0.065,0.175
2022,0.0725,0.21
2023,0.0925,0.195
2024,0.095,0.22
2025,0.0925,0.1775
2026,0.095,0.22
2027,0.0925,0.23
2028,0.1125,0.18
2029,0.0975,0.2275
2030,0.095,0.195
2031,0.08,0.23
2032,0.07,0.235
2033,0.06,0.2175
2034,0.06,0.1675
2035,0.095,0.1875
2036,0.07,0.19
2037,0.0725,0.2275
2038,0.0675,0.19
2039,0.09,0.245
2040,0.0775,0.195
2041,0.08,0.2075
2042,0.0625,0.16
2043,0.0825,0.185
2044,0.08,0.1825
2045,0.09,0.185
2046,0.095,0.1725
2047,0.1175,0.1975
2048,0.065,0.1775
2049,0.075,0.2025
2050,0.1,0.235
2051,0.1025,0.1675
2052,0.11,0.1875
2053,0.095,0.21
2054,0.105,0.1975
2055,0.0975,0.1875
2056,0.08,0.1825
2057,0.0825,0.1875
2058,0.09,0.2125
2059,0.075,0.19
2060,0.075,0.1775
2061,0.095,0.205
2062,0.0575,0.1925
2063,0.0775,0.2
2064,0.0675,0.185
2065,0.0775,0.2175
2066,0.0675,0.245
2067,0.0725,0.195
2068,0.075,0.1975
2069,0.08,0.235
2070,0.0675,0.2475
2071,0.075,0.205
2072,0.0875,0.1875
2073,0.0725,0.22
2074,0.1,0.2
2075,0.0675,0.235
2076,0.08,0.225
2077,0.0775,0.195
2078,0.085,0.2275
2079,0.0975,0.18
2080,0.0725,0.2025
2081,0.0725,0.21
2082,0.085,0.215
2083,0.07,0.2425
2084,0.0675,0.2375
2085,0.08,0.1875
2086,0.065,0.185
2087,0.06,0.19
2088,0.0725,0.205
2089,0.0625,0.2075
2090,0.065,0.2125
2091,0.06,0.1825
2092,0.075,0.23
2093,0.085,0.2175
2094,0.08,0.2525
2095,0.0925,0.2025
2096,0.085,0.21
2097,0.0775,0.175
2098,0.0775,0.1875
2099,0.0675,0.195
2100,0.0925,0.25
2101,0.07,0.1875
2102,0.075,0.1675
2103,0.0875,0.17
2104,0.0825,0.19
2105,0.0725,0.2125
2106,0.0975,0.21
2107,0.08,0.2
2108,0.0825,0.2225
2109,0.0725,0.1725
2110,0.095,0.225
2111,0.085,0.24
2112,0.0725,0.2025
2113,0.07,0.2125
2114,0.0975,0.21
2115,0.0675,0.175
2116,0.1,0.2
2117,0.0725,0.2275
2118,0.09,0.17
2119,0.095,0.205
2120,0.0625,0.2225
2121,0.1025,0.2275
2122,0.08,0.195
2123,0.0775,0.22
2124,0.1,0.1675
2125,0.075,0.1975
2126,0.095,0.1675
2127,0.09,0.2125
2128,0.075,0.2175
2129,0.065,0.23
2130,0.0725,0.2025
2131,0.075,0.1725
2132,0.0575,0.21
2133,0.06,0.1975
2134,0.06,0.185
2135,0.0625,0.2075
2136,0.0825,0.2
2137,0.0725,0.225
2138,0.0925,0.2025
2139,0.08,0.1675
2140,0.09,0.19
2141,0.0775,0.2125
2142,0.0925,0.18
2143,0.0925,0.1775
2144,0.1025,0.195
2145,0.095,0.215
2146,0.08,0.1675
2147,0.0775,0.195
2148,0.1025,0.2025
2149,0.085,0.205
2150,0.1,0.1675
2151,0.1225,0.16
2152,0.1225,0.2
2153,0.1175,0.2375
2154,0.07,0.1825
2155,0.0875,0.1825
2156,0.0975,0.185
2157,0.0825,0.18
2158,0.1125,0.2225
2159,0.1,0.205
2160,0.09,0.1875
2161,0.0675,0.1825
2162,0.0725,0.2175
2163,0.0875,0.2075
2164,0.0925,0.2025
2165,0.075,0.2025
2166,0.07,0.215
2167,0.06,0.2075
2168,0.085,0.2375
2169,0.0925,0.2025
2170,0.1,0.2125
2171,0.0825,0.21
2172,0.0625,0.19
2173,0.08,0.21
2174,0.09,0.1825
2175,0.1275,0.2275
2176,0.08,0.24
2177,0.095,0.23
2178,0.0925,0.2175
2179,0.0725,0.195
2180,0.0925,0.2375
2181,0.0875,0.1775
2182,0.0875,0.2
2183,0.08,0.185
2184,0.095,0.2225
2185,0.09,0.2025
2186,0.075,0.2275
2187,0.09,0.205
2188,0.0775,0.2425
2189,0.0725,0.1975
2190,0.065,0.185
2191,0.0625,0.2075
2192,0.095,0.2025
2193,0.075,0.1975
2194,0.0775,0.19
2195,0.065,0.175
2196,0.095,0.1975
2197,0.09,0.185
2198,0.06,0.2175
2199,0.0975,0.2025
2200,0.08,0.2025
2201,0.0925,0.205
2202,0.055,0.2025
2203,0.1175,0.205
2204,0.0925,0.2
2205,0.1,0.235
2206,0.1,0.195
2207,0.09,0.2225
2208,0.09,0.1875
2209,0.075,0.1825
2210,0.0875,0.205
2211,0.0975,0.195
2212,0.08,0.2
2213,0.0875,0.17
2214,0.1075,0.19
2215,0.075,0.225
2216,0.0725,0.21
2217,0.08,0.2175
2218,0.0625,0.185
2219,0.0675,0.2
2220,0.055,0.205
2221,0.0825,0.175
2222,0.1075,0.2175
2223,0.095,0.2075
2224,0.08,0.1975
2225,0.08,0.195
2226,0.0775,0.21
2227,0.095,0.2125
2228,0.08,0.1725
2229,0.0825,0.2
2230,0.09,0.21
2231,0.12,0.2175
2232,0.0975,0.2075
2233,0.09,0.1925
2234,0.0725,0.205
2235,0.1025,0.195
2236,0.07,0.145
2237,0.0875,0.215
2238,0.0775,0.1925
2239,0.07,0.175
2240,0.075,0.2325
2241,0.085,0.2425
2242,0.0975,0.1975
2243,0.0725,0.175
2244,0.085,0.2075
2245,0.11,0.1925
2246,0.11,0.18
2247,0.08,0.1875
2248,0.0925,0.2125
2249,0.08,0.22
2250,0.085,0.1775
2251,0.0775,0.22
2252,0.1,0.1975
2253,0.105,0.1925
2254,0.0975,0.17
2255,0.1,0.1775
2256,0.085,0.2175
2257,0.0925,0.2175
2258,0.1025,0.2125
2259,0.1025,0.18
2260,0.0925,0.195
2261,0.09,0.175
2262,0.075,0.21
2263,0.0725,0.195
2264,0.0975,0.2175
2265,0.0825,0.1775
2266,0.0775,0.18
2267,0.065,0.2225
2268,0.1025,0.165
2269,0.0875,0.1975
2270,0.065,0.2075
2271,0.0675,0.28
2272,0.075,0.25
2273,0.0825,0.23
2274,0.0975,0.2375
2275,0.05,0.245
2276,0.1025,0.2025
2277,0.0775,0.195
2278,0.08,0.2025
2279,0.0525,0.1875
2280,0.0725,0.205
2281,0.09,0.225
2282,0.0925,0.1975
2283,0.085,0.2175
2284,0.075,0.2025
2285,0.0675,0.22
2286,0.0725,0.23
2287,0.1025,0.2125
2288,0.07,0.205
2289,0.09,0.235
2290,0.08,0.21
2291,0.0825,0.225
2292,0.075,0.205
2293,0.075,0.215
2294,0.0725,0.15
2295,0.07,0.19
2296,0.0675,0.2175
2297,0.0675,0.215
2298,0.0825,0.2525
2299,0.08,0.2675
2300,0.0725,0.23
2301,0.105,0.24
2302,0.0775,0.235
2303,0.07,0.2375
2304,0.0825,0.2475
2305,0.0975,0.1975
2306,0.08,0.205
2307,0.06,0.2175
2308,0.075,0.2125
2309,0.075,0.2175
2310,0.0975,0.21
2311,0.08,0.1875
2312,0.105,0.2
2313,0.0625,0.1725
2314,0.065,0.205
2315,0.08,0.1775
2316,0.0775,0.21
2317,0.105,0.2175
2318,0.0925,0.23
2319,0.095,0.21
2320,0.0875,0.205
2321,0.085,0.1875
2322,0.0625,0.2275
2323,0.0975,0.1775
2324,0.11,0.1875
2325,0.0925,0.2175
2326,0.0925,0.19
2327,0.0775,0.2325
2328,0.095,0.19
2329,0.0875,0.2125
2330,0.055,0.18
2331,0.0675,0.185
2332,0.0825,0.2175
2333,0.0825,0.1775
2334,0.0975,0.2225
2335,0.0775,0.1775
2336,0.055,0.205
2337,0.0825,0.2125
2338,0.0875,0.22
2339,0.11,0.2275
2340,0.07,0.2375
2341,0.085,0.185
2342,0.1125,0.2325
2343,0.06,0.2125
2344,0.09,0.1925
2345,0.0875,0.2425
2346,0.0725,0.2
2347,0.0875,0.1875
2348,0.11,0.2125
2349,0.08,0.235
2350,0.065,0.195
2351,0.0725,0.215
2352,0.0875,0.2175
2353,0.07,0.1575
2354,0.07,0.1675
2355,0.0875,0.1625
2356,0.08,0.185
2357,0.0825,0.185
2358,0.0675,0.1775
2359,0.0925,0.1825
2360,0.095,0.1775
2361,0.065,0.22
2362,0.09,0.2075
2363,0.0775,0.1975
2364,0.0825,0.1925
2365,0.0675,0.225
2366,0.0775,0.2175
2367,0.08,0.205
2368,0.0875,0.205
2369,0.0875,0.145
2370,0.0975,0.195
2371,0.095,0.175
2372,0.085,0.2125
2373,0.0975,0.1725
2374,0.1075,0.1525
2375,0.06,0.1825
2376,0.0875,0.205
2377,0.1125,0.1675
2378,0.0925,0.1925
2379,0.0975,0.19
2380,0.09,0.1775
2381,0.1,0.215
2382,0.0925,0.1975
2383,0.0625,0.2175
2384,0.07,0.2175
2385,0.1,0.1975
2386,0.0625,0.23
2387,0.0875,0.245
2388,0.0925,0.205
2389,0.07,0.2175
2390,0.0975,0.2225
2391,0.0925,0.2125
2392,0.07,0.235
